Job Role,Required Skills
Cloud Architect,"AWS Azure Cloud Computing Automation Python Kubernetes Terraform"
Data Scientist,"Python SQL Machine Learning Data Analysis TensorFlow Pandas"
DevOps Engineer,"AWS Docker Kubernetes CI/CD Automation Git Linux"
Backend Developer,"Java Python SQL APIs Data Structures SpringBoot"
Frontend Developer,"JavaScript React HTML CSS UI UX Web Design"
Machine Learning Engineer,"Python PyTorch TensorFlow Neural Networks Deep Learning NLP"
Cybersecurity Analyst,"Cybersecurity Ethical Hacking Network Security Linux Firewalls"
Mobile App Developer,"Flutter Kotlin Swift Mobile Development APIs Firebase"
Game Developer,"Unity Unreal Engine C Sharp C++ Game Physics"
AI Researcher,"Python Deep Learning AI Research TensorFlow PyTorch Mathematics"
Data Engineer,"Python SQL ETL Data Warehousing Hadoop Spark"
Business Analyst,"Excel SQL Data Visualization Communication Problem Solving"
Full Stack Developer,"JavaScript React Node.js MongoDB APIs Full Stack Development"
UI/UX Engineer,"Figma Adobe XD UI Design User Research Wireframing Prototyping"
Blockchain Developer,"Blockchain Solidity Smart Contracts Ethereum Web3 Cryptography"
QA Engineer,"Software Testing Selenium Automation Bug Tracking Test Cases"
Software Engineer,"Java Python Git Algorithms Data Structures Problem Solving"
Database Administrator,"SQL Database Management Oracle MySQL Backup Recovery"
Systems Analyst,"System Analysis Requirements Gathering Documentation UML"
Network Engineer,"Cisco Networking Routing Switching Linux Network Troubleshooting"